{
  "mode": "mock",
  "n": 165,
  "wall_sec": 20.13,
  "target_rps": 8.0,
  "throughput_rps": 8.19505733454087,
  "concurrency": 8,
  "budget": 0.2,
  "escalated": 32,
  "escalation_ratio": 0.19393939393939394,
  "calls": 32,
  "cost_usd": 0.03352000000000001,
  "cost_per_min": 0.09989029885593093,
  "errors": 0,
  "latency_ms": {
    "p50": 28.0,
    "p95": 946.0599999999995,
    "p99": 1453.5959999999995,
    "max": 1637.8
  },
  "latency_by_route": {
    "auto": {
      "n": 133,
      "p50": 25.0,
      "p95": 40.73999999999998
    },
    "escalated": {
      "n": 32,
      "p50": 846.9,
      "p95": 1455.72
    }
  }
}